Workbook

Sheet Légende
A1: QuickOrder V3.1 — Cas de test et campagne
A3: Équipe | B3: Quality audit
A4: Date de la campagne | B4: 13/10/2026
A5: Environnement | B5: QuickOrder V3.1 · base seedée (python seed.py) · http://127.0.0.1:5000 · Chromium (Playwright) · requests / curl · Python 3.13 · SQLite
A6: Onglets | B6: « Cas de test » (le plan et les résultats) · « Bugs » (index des anomalies) · « Synthèse » (comptages calculés par formules)
A8: Colonnes
A9: ID | B9: TC-<catégorie>-<n°>. NOM = nominal, LIM = limite, ERR = erreur, RM = règle métier (6 cas par catégorie, 24 au total).
A10: Catégorie | B10: Nominal · Limite · Erreur · Règle métier.
A11: Canal | B11: UI = interface web (Playwright/Chromium) · API = requêtes HTTP (X-API-Key).
A12: Priorité | B12: P1 = parcours critique ou règle financière · P2 = important · P3 = confort ou rare.
A13: Statut | B13: Pass = résultat conforme · Fail = écart constaté (bug lié) · Blocked / Skipped = non utilisés dans cette campagne.
A14: Bug lié | B14: Référence de la fiche dans docs/bug-reports/.
A15: Preuves | B15: Fichiers du dossier docs/evidence/ : captures PNG (TC-xx_nn_libellé.png), traces de requêtes/réponses (TC-xx.txt), vidéo (TC-RM-04). Les scripts qui ont produit ces résultats sont dans docs/automation/.
A17: Jeu de données
A18: Comptes | B18: alice@example.com / Password123! · bob@example.com / Password123! · admin@quickorder.local / Admin123! · clé API : quickorder-demo-key (agit comme Alice).
A19: Restaurants (id) | B19: 1 Burger Factory (min 20 €, livraison 2,99 €) · 2 Tokyo Bowl (15 €, 3,49 €) · 3 Green Kitchen (12 €, 1,99 €) · 4 Pizza Roma (12 €, 2,49 €) · 5 Couscous Atlas (25 €, 2,99 €) · 6 Night Sushi (FERMÉ, 10 €, 2,99 €).
A20: Produits clés (id) | B20: 1 Classic Burger 11,90 € · 3 Frites maison 3,50 € · 4 Veggie Burger (stock 0) · 6 Chicken Teriyaki 13,50 € · 7 Salmon Bowl 15,90 € (stock 2) · 20 Couscous Royal 17,90 € · 24 Late Sushi Box (restaurant fermé) 14,00 €.
A21: Coupons | B21: WELCOME10 10 % (min 20 €, plafond 8 €) · SAVE20 20 % (min 35 €, plafond 12 €) · LUNCH5 5 % (min 10 €, plafond 5 €) · TOKYO30 100 % plafonné à 3,49 € (min 30 €) · ATLAS15 10 % (min 20 €, plafond 50 €) · EXPIRED10 expiré.
A22: Commande existante | B22: #1 d'Alice, statut delivered (Classic Burger + Frites maison, 18,39 €).

Sheet Cas de test
A1: ID | B1: Catégorie | C1: Module | D1: Canal | E1: Priorité | F1: Titre | G1: Objectif | H1: Préconditions | I1: Données | J1: Étapes | K1: Résultat attendu | L1: Résultat obtenu | M1: Statut | N1: Bug lié | O1: Preuves (docs/evidence/)
A2: TC-NOM-01 | B2: Nominal | C2: Authentification | D2: UI | E2: P1 | F2: Connexion avec un compte valide | G2: Vérifier la connexion d'un client existant. | H2: Base seedée (python seed.py), application lancée | I2: alice@example.com / Password123! | J2: 1. Ouvrir /login 2. Saisir les identifiants 3. Cliquer sur « Se connecter » | K2: Redirection vers l'accueil ; « Alice Martin », « Commandes » et « Mon profil » apparaissent. | L2: Connexion réussie, redirection vers l'accueil, lien Déconnexion visible. | M2: Pass | O2: TC-NOM-01_01_connecte.png
A3: TC-NOM-02 | B3: Nominal | C3: Panier | D3: UI | E3: P1 | F3: Ajouter un produit au panier | G3: Vérifier l'ajout et le calcul du total. | H3: Base seedée (python seed.py), application lancée ; panier vide | I3: Classic Burger (id 1, 11,90 €), quantité 1 | J3: 1. Ouvrir le menu de Burger Factory 2. Cliquer sur « Ajouter » pour Classic Burger 3. Ouvrir /cart | K3: Message « Classic Burger ajouté au panier. » ; panier : sous-total 11,90 €, livraison 2,99 €, total 14,89 €. | L3: Message de confirmation ; panier : sous-total 11,90 €, livraison 2,99 €, total 14,89 €. | M3: Pass | O3: TC-NOM-02_01_apres_ajout.png TC-NOM-02_02_panier.png TC-NOM-02.txt
A4: TC-NOM-03 | B4: Nominal | C4: Commande | D4: UI | E4: P1 | F4: Commande complète par carte avec coupon WELCOME10 | G4: Valider le parcours critique achat de bout en bout. | H4: Base seedée (python seed.py), application lancée ; Alice connectée ; panier : 2 × Classic Burger (23,80 €) | I4: Coupon WELCOME10 ; paiement Carte bancaire ; adresse par défaut | J4: 1. Ouvrir /checkout 2. Saisir WELCOME10 et cliquer sur « Appliquer » 3. Choisir Carte bancaire 4. Cliquer sur « Confirmer » | K4: Réduction de 2,38 € (10 % de 23,80 €) ; total 24,41 € (23,80 − 2,38 + 2,99). | L4: Commande #2 confirmée ; réduction 2,38 € ; total 24.41 €. | M4: Pass | O4: TC-NOM-03_01_checkout.png TC-NOM-03_02_recap_coupon.png TC-NOM-03_03_commande_confirmee.png TC-NOM-03.txt
A5: TC-NOM-04 | B5: Nominal | C5: Commande | D5: UI | E5: P2 | F5: Annuler une commande confirmée | G5: Vérifier l'annulation par le client. | H5: Base seedée (python seed.py), application lancée ; Alice a une commande « confirmed » | I5: Commande créée en TC-NOM-07 | J5: 1. Ouvrir le détail de la commande 2. Cliquer sur « Annuler la commande » | K5: Statut « cancelled » et message « Commande annulée. ». | L5: Commande #2 passée à l'état annulé (badge « cancelled »). | M5: Pass | O5: TC-NOM-04_01_annulee.png TC-NOM-04.txt
A6: TC-NOM-05 | B6: Nominal | C6: API | D6: API | E6: P1 | F6: Lister les restaurants avec une clé valide | G6: Vérifier GET /api/restaurants. | H6: Base seedée (python seed.py), application lancée ; clé quickorder-demo-key | I6: Header X-API-Key: quickorder-demo-key | J6: 1. GET /api/restaurants avec la clé | K6: 200 ; count = 6 ; items triés par note décroissante avec tous les champs documentés. | L6: 200 et 6 restaurants au format JSON. | M6: Pass | O6: TC-NOM-05.txt
A7: TC-NOM-06 | B7: Nominal | C7: API | D7: API | E7: P1 | F7: Créer une commande par carte via l'API | G7: Vérifier POST /api/orders nominal. | H7: Base seedée (python seed.py), application lancée ; clé valide | I7: {"items":[{"product_id":1,"quantity":1}],"payment_method":"card"} | J7: 1. POST /api/orders avec le corps ci-dessus | K7: 201 ; status « confirmed », payment_status « paid », total 14,89, 1 ligne d'article. | L7: 201, commande confirmée, total 14,89 €. | M7: Pass | O7: TC-NOM-06.txt
A8: TC-LIM-01 | B8: Limite | C8: Coupons | D8: API | E8: P1 | F8: Coupon : sous-total exactement égal au minimum | G8: Vérifier que le minimum est inclusif. | H8: Base seedée (python seed.py), application lancée ; clé valide | I8: {"code":"WELCOME10","subtotal":20.00} | J8: 1. POST /api/coupons/validate | K8: 200 ; valid = true ; discount = 2.0. | L8: Coupon valide, réduction 2,00 € (10 % de 20 €). | M8: Pass | O8: TC-LIM-01.txt
A9: TC-LIM-02 | B9: Limite | C9: Coupons | D9: API | E9: P1 | F9: Coupon : sous-total juste sous le minimum | G9: Vérifier le refus à 19,99 €. | H9: Base seedée (python seed.py), application lancée ; clé valide | I9: {"code":"WELCOME10","subtotal":19.99} | J9: 1. POST /api/coupons/validate | K9: Réduction refusée avec message explicite et minimum rappelé. | L9: Coupon refusé : minimum 20 € non atteint. | M9: Pass | O9: TC-LIM-02.txt
A10: TC-LIM-03 | B10: Limite | C10: Coupons | D10: API | E10: P2 | F10: Coupon : plafond de réduction | G10: Vérifier max_discount de WELCOME10 (8 €). | H10: Base seedée (python seed.py), application lancée ; clé valide | I10: {"code":"WELCOME10","subtotal":100} | J10: 1. POST /api/coupons/validate | K10: Réduction plafonnée à 8,00 € (max_discount de WELCOME10). | L10: Réduction plafonnée à 8,00 € (max_discount de WELCOME10). | M10: Pass | O10: TC-LIM-03.txt
A11: TC-LIM-04 | B11: Limite | C11: Commande | D11: API | E11: P2 | F11: Quantité API : 20 acceptée, 21 refusée | G11: Vérifier la borne haute documentée (1 à 20). | H11: Base seedée (python seed.py), application lancée ; clé valide | I11: product_id 1 ; quantity 20 puis 21 | J11: 1. POST /api/orders avec quantity 20 2. POST /api/orders avec quantity 21 | K11: 20 → 201 ; 21 → 400 « quantity must be between 1 and 20 ». | L11: 20 → 201 ; 21 → 400. | M11: Pass | O11: TC-LIM-04.txt
A12: TC-LIM-05 | B12: Limite | C12: Commande | D12: API | E12: P2 | F12: Quantité API : 0 et valeurs négatives | G12: Vérifier la borne basse. | H12: Base seedée (python seed.py), application lancée ; clé valide | I12: quantity 0, -1 et "abc" | J12: 1. POST /api/orders avec chaque valeur | K12: 400 pour chaque valeur. | L12: 0, -1 et « abc » → 400. | M12: Pass | O12: TC-LIM-05.txt
A13: TC-LIM-06 | B13: Limite | C13: Stock | D13: UI | E13: P1 | F13: Quantité supérieure au stock disponible | G13: Vérifier le contrôle de stock à l'ajout et à la commande. | H13: Base seedée (python seed.py), application lancée ; Alice connectée | I13: Salmon Bowl (id 7, stock 2) ; quantité 3 | J13: 1. Ouvrir le menu de Tokyo Bowl 2. Retirer l'attribut `max` du champ quantité (DevTools) 3. Ajouter 3 Salmon Bowl 4. Passer commande par carte 5. Relire le stock sur le menu | K13: Ajout ou commande refusé (stock insuffisant) ; stock jamais négatif. | L13: Quantité 3 acceptée au panier pour un stock de 2 (sous-total 47.70 €), commande #2 confirmée, stock final -1. | M13: Fail | N13: BUG-004 | O13: TC-LIM-06_01_panier_3_pour_stock_2.png TC-LIM-06_02_commande_3_pour_stock_2.png TC-LIM-06_03_stock_apres_commande.png TC-LIM-06.txt
A14: TC-ERR-01 | B14: Erreur | C14: Authentification | D14: UI | E14: P1 | F14: Connexion avec un mot de passe incorrect | G14: Vérifier le message d'erreur générique. | H14: Base seedée (python seed.py), application lancée | I14: alice@example.com / MauvaisMdp1! | J14: 1. Ouvrir /login 2. Saisir les identifiants 3. Valider | K14: Message « Email ou mot de passe incorrect. », pas de connexion. | L14: Message « Email ou mot de passe incorrect », pas de connexion. | M14: Pass | O14: TC-ERR-01_01_echec_connexion.png
A15: TC-ERR-02 | B15: Erreur | C15: API | D15: API | E15: P1 | F15: API sans clé | G15: Vérifier le refus sans X-API-Key. | H15: Base seedée (python seed.py), application lancée | I15: Aucun header | J15: 1. GET /api/restaurants sans header | K15: 401 avec corps JSON explicite. | L15: 401 Unauthorized. | M15: Pass | O15: TC-ERR-02.txt
A16: TC-ERR-03 | B16: Erreur | C16: Administration | D16: UI | E16: P1 | F16: Accès admin par un client | G16: Vérifier le contrôle d'accès à /admin/. | H16: Base seedée (python seed.py), application lancée ; Alice connectée | I16: URL : /admin/ | J16: 1. Ouvrir /admin/ en tant qu'Alice | K16: Refus avec message ; aucune donnée d'administration visible. | L16: Redirection avec « Accès réservé aux administrateurs ». | M16: Pass | O16: TC-ERR-03_01_admin_client.png
A17: TC-ERR-04 | B17: Erreur | C17: Commande | D17: UI | E17: P1 | F17: Consulter la commande d'un autre client | G17: Vérifier l'absence de fuite entre comptes. | H17: Base seedée (python seed.py), application lancée ; Bob connecté | I17: URL : /orders/1 (commande d'Alice) | J17: 1. Se connecter en tant que Bob 2. Ouvrir /orders/1 | K17: Accès refusé. | L17: « Commande inaccessible », contenu non affiché. | M17: Pass | O17: TC-ERR-04_01_commande_autrui.png
A18: TC-ERR-05 | B18: Erreur | C18: API | D18: API | E18: P1 | F18: API coupon : sous-total « NaN », « Infinity » ou 1e999 | G18: Vérifier la robustesse face aux valeurs spéciales. | H18: Base seedée (python seed.py), application lancée ; clé valide | I18: {"code":"WELCOME10","subtotal":"NaN"} ; idem "Infinity" ; "1e999" | J18: 1. POST /api/coupons/validate avec chaque valeur | K18: 400 JSON explicite. | L18: Codes obtenus [500, 500, 500] (valeurs non finies : 500 ou acceptées) | M18: Fail | N18: BUG-007 | O18: TC-ERR-05.txt
A19: TC-ERR-06 | B19: Erreur | C19: Authentification | D19: UI | E19: P2 | F19: Redirection après connexion vers un site externe (paramètre next) | G19: Vérifier que next n'accepte que des chemins internes. | H19: Base seedée (python seed.py), application lancée | I19: /login?next=https://example.org ; alice@example.com / Password123! | J19: 1. Ouvrir /login?next=https://example.org 2. Se connecter | K19: Redirection vers une page interne (accueil). | L19: Après connexion, le navigateur est envoyé vers https://example.org/ (redirection ouverte via ?next=). | M19: Fail | N19: BUG-008 | O19: TC-ERR-06_01_apres_connexion.png TC-ERR-06.txt
A20: TC-RM-01 | B20: Règle métier | C20: Commande | D20: UI | E20: P1 | F20: Restaurant fermé non commandable (web) | G20: Vérifier qu'on ne peut pas commander chez un restaurant fermé. | H20: Base seedée (python seed.py), application lancée ; Alice connectée | I20: Night Sushi (fermé) ; Late Sushi Box (id 24, 14,00 €) | J20: 1. Ouvrir le menu de Night Sushi 2. Ajouter Late Sushi Box 3. Passer commande par carte | K20: Ajout ou commande refusé avec message « restaurant fermé ». | L20: Commande 2 confirmée chez Night Sushi (FERMÉ) pour 14,00 €. | M20: Fail | N20: BUG-002 | O20: TC-RM-01_01_menu_restaurant_ferme.png TC-RM-01_02_resultat_checkout.png TC-RM-01.txt
A21: TC-RM-02 | B21: Règle métier | C21: Commande | D21: UI | E21: P1 | F21: Commande minimum (web) | G21: Vérifier le minimum de commande de Burger Factory (20,00 €). | H21: Base seedée (python seed.py), application lancée ; Alice connectée | I21: 1 × Frites maison (3,50 €) | J21: 1. Ajouter Frites maison au panier 2. Passer commande par carte | K21: Refus : « minimum de commande de 20,00 € non atteint ». | L21: Commande confirmée pour 3.50 € de produits (minimum du restaurant : 20 €). | M21: Fail | N21: BUG-005 | O21: TC-RM-02_01_resultat.png
A22: TC-RM-03 | B22: Règle métier | C22: Paiement | D22: UI | E22: P1 | F22: Paiement en espèces avec montant insuffisant (web) | G22: Vérifier le refus d'un montant remis inférieur au total. | H22: Base seedée (python seed.py), application lancée ; Alice connectée ; panier : 1 × Classic Burger (total 14,89 €) | I22: Espèces ; montant remis 1,00 € | J22: 1. Ouvrir /checkout 2. Choisir Espèces et saisir 1,00 3. Confirmer 4. Rejouer en laissant le montant vide | K22: Refus avec message ; aucune commande. | L22: Commande acceptée avec 1,00 € remis pour 14,89 € (monnaie négative affichée) ; un montant vide est accepté aussi : True. | M22: Fail | N22: BUG-003 | O22: TC-RM-03_01_cash_1_euro.png TC-RM-03_02_resultat.png TC-RM-03_03_cash_vide.png TC-RM-03.txt
A23: TC-RM-04 | B23: Règle métier | C23: Paiement | D23: UI | E23: P1 | F23: Paiement PayPal : une seule commande (web) | G23: Vérifier qu'un paiement crée une unique commande. | H23: Base seedée (python seed.py), application lancée ; Alice connectée ; panier : 1 × Classic Burger ; 1 commande existante (#1) | I23: PayPal | J23: 1. Ouvrir /checkout 2. Choisir PayPal 3. Confirmer 4. Ouvrir /orders | K23: Une seule nouvelle commande ; stock décrémenté de 1. | L23: 2 commandes créées pour un seul paiement PayPal ([2, 3]). | M23: Fail | N23: BUG-001 | O23: TC-RM-04_01_commande_paypal.png TC-RM-04_02_liste_commandes.png TC-RM-04_paypal_double_commande.webm TC-RM-04.txt
A24: TC-RM-05 | B24: Règle métier | C24: Coupons | D24: UI | E24: P1 | F24: ATLAS15 : 15 % annoncé | G24: Vérifier que la remise correspond à l'offre affichée. | H24: Base seedée (python seed.py), application lancée ; Alice connectée ; panier : 2 × Couscous Royal (35,80 €) | I24: Coupon ATLAS15 | J24: 1. Lire l'offre « 15 % de réduction » sur la fiche du restaurant 2. Appliquer ATLAS15 au checkout | K24: Remise de 5,37 € (15 %) ; total 33,42 €. | L24: Offre annoncée « -15 % » mais réduction de 3.58 € sur 35.80 € (= 10 %), au lieu de 5.37 €. | M24: Fail | N24: BUG-006 | O24: TC-RM-05_01_offre_annoncee.png TC-RM-05_02_recap.png TC-RM-05.txt
A25: TC-RM-06 | B25: Règle métier | C25: Coupons | D25: UI | E25: P2 | F25: TOKYO30 : livraison offerte chez Tokyo Bowl | G25: Vérifier le coupon de livraison gratuite dès 30 €. | H25: Base seedée (python seed.py), application lancée ; Alice connectée ; panier : 3 × Chicken Teriyaki (40,50 €) | I25: Coupon TOKYO30 | J25: 1. Appliquer TOKYO30 au checkout | K25: Remise 3,49 € (= frais), total 40,50 €. | L25: Livraison offerte : réduction 3,49 €, total = sous-total. | M25: Pass | O25: TC-RM-06_01_recap_tokyo30.png TC-RM-06.txt

Sheet Bugs
A1: ID | B1: Titre | C1: Canal | D1: Module | E1: Sévérité | F1: Priorité | G1: Cas de test liés | H1: Statut
A2: BUG-001 | B2: Le paiement PayPal crée deux commandes identiques (web et API) | C2: UI + API | D2: Paiement / Commande | E2: Critique | F2: P1 | G2: TC-RM-04 | H2: Ouvert
A3: BUG-002 | B3: Un restaurant fermé peut recevoir des commandes (web et API) | C3: UI + API | D3: Commande | E3: Majeure | F3: P1 | G3: TC-RM-01 | H3: Ouvert
A4: BUG-003 | B4: Le paiement en espèces accepte un montant inférieur au total (monnaie négative) | C4: UI + API | D4: Paiement | E4: Majeure | F4: P1 | G4: TC-RM-03 | H4: Ouvert
A5: BUG-004 | B5: Contrôles de stock défaillants : quantité supérieure au stock et produit en rupture commandables | C5: UI + API | D5: Stock / Panier | E5: Majeure | F5: P1 | G5: TC-LIM-06 | H5: Ouvert
A6: BUG-005 | B6: Le minimum de commande du restaurant n'est pas appliqué (web et API) | C6: UI + API | D6: Commande | E6: Majeure | F6: P2 | G6: TC-RM-02 | H6: Ouvert
A7: BUG-006 | B7: ATLAS15 est annoncé à 15 % mais appliqué à 10 % | C7: UI + API | D7: Coupons | E7: Majeure | F7: P2 | G7: TC-RM-05 | H7: Ouvert
A8: BUG-007 | B8: API : des entrées mal formées provoquent des erreurs 500 (traceback exposé) | C8: API | D8: API / Robustesse | E8: Majeure | F8: P2 | G8: TC-ERR-05 | H8: Ouvert
A9: BUG-008 | B9: Redirection ouverte après connexion (paramètre `next`) | C9: UI | D9: Authentification / Sécurité | E9: Majeure | F9: P2 | G9: TC-ERR-06 | H9: Ouvert

Sheet Synthèse
A1: Synthèse de la campagne (calculée)
A2: Tous les chiffres sont calculés par formules à partir des onglets « Cas de test » et « Bugs ».
A4: Catégorie | B4: Pass | C4: Fail | D4: Blocked | E4: Skipped | F4: Total | G4: Taux de réussite
A5: Nominal | B5: =COUNTIFS('Cas de test'!$B$2:$B$25,$A5,'Cas de test'!$M$2:$M$25,B$4) -> 6 | C5: =COUNTIFS('Cas de test'!$B$2:$B$25,$A5,'Cas de test'!$M$2:$M$25,C$4) -> 0 | D5: =COUNTIFS('Cas de test'!$B$2:$B$25,$A5,'Cas de test'!$M$2:$M$25,D$4) -> 0 | E5: =COUNTIFS('Cas de test'!$B$2:$B$25,$A5,'Cas de test'!$M$2:$M$25,E$4) -> 0 | F5: =SUM(B5:E5) -> 6 | G5: =IF((B5+C5)=0,0,B5/(B5+C5)) -> 1
A6: Limite | B6: =COUNTIFS('Cas de test'!$B$2:$B$25,$A6,'Cas de test'!$M$2:$M$25,B$4) -> 5 | C6: =COUNTIFS('Cas de test'!$B$2:$B$25,$A6,'Cas de test'!$M$2:$M$25,C$4) -> 1 | D6: =COUNTIFS('Cas de test'!$B$2:$B$25,$A6,'Cas de test'!$M$2:$M$25,D$4) -> 0 | E6: =COUNTIFS('Cas de test'!$B$2:$B$25,$A6,'Cas de test'!$M$2:$M$25,E$4) -> 0 | F6: =SUM(B6:E6) -> 6 | G6: =IF((B6+C6)=0,0,B6/(B6+C6)) -> 0.83333333
A7: Erreur | B7: =COUNTIFS('Cas de test'!$B$2:$B$25,$A7,'Cas de test'!$M$2:$M$25,B$4) -> 4 | C7: =COUNTIFS('Cas de test'!$B$2:$B$25,$A7,'Cas de test'!$M$2:$M$25,C$4) -> 2 | D7: =COUNTIFS('Cas de test'!$B$2:$B$25,$A7,'Cas de test'!$M$2:$M$25,D$4) -> 0 | E7: =COUNTIFS('Cas de test'!$B$2:$B$25,$A7,'Cas de test'!$M$2:$M$25,E$4) -> 0 | F7: =SUM(B7:E7) -> 6 | G7: =IF((B7+C7)=0,0,B7/(B7+C7)) -> 0.66666667
A8: Règle métier | B8: =COUNTIFS('Cas de test'!$B$2:$B$25,$A8,'Cas de test'!$M$2:$M$25,B$4) -> 1 | C8: =COUNTIFS('Cas de test'!$B$2:$B$25,$A8,'Cas de test'!$M$2:$M$25,C$4) -> 5 | D8: =COUNTIFS('Cas de test'!$B$2:$B$25,$A8,'Cas de test'!$M$2:$M$25,D$4) -> 0 | E8: =COUNTIFS('Cas de test'!$B$2:$B$25,$A8,'Cas de test'!$M$2:$M$25,E$4) -> 0 | F8: =SUM(B8:E8) -> 6 | G8: =IF((B8+C8)=0,0,B8/(B8+C8)) -> 0.16666667
A9: Total | B9: =SUM(B5:B8) -> 16 | C9: =SUM(C5:C8) -> 8 | D9: =SUM(D5:D8) -> 0 | E9: =SUM(E5:E8) -> 0 | F9: =SUM(F5:F8) -> 24 | G9: =IF((B9+C9)=0,0,B9/(B9+C9)) -> 0.66666667
A11: Indicateurs
A12: Cas de test prévus | B12: =F9 -> 24
A13: Cas exécutés (Pass + Fail) | B13: =B9+C9 -> 24
A14: Taux d'exécution | B14: =(B9+C9)/F9 -> 1
A15: Taux de réussite (Pass / exécutés) | B15: =G9 -> 0.66666667
A16: Cas P1 en échec | B16: =COUNTIFS('Cas de test'!$E$2:$E$25,"P1",'Cas de test'!$M$2:$M$25,"Fail") -> 7
A17: Cas P1 au total | B17: =COUNTIF('Cas de test'!$E$2:$E$25,"P1") -> 18
A18: Bugs ouverts | B18: =COUNTA(Bugs!$A$2:$A$9) -> 8
A21: Sévérité | B21: P1 | C21: P2 | D21: P3 | E21: Total
A22: Critique | B22: =COUNTIFS(Bugs!$E$2:$E$9,$A22,Bugs!$F$2:$F$9,B$21) -> 1 | C22: =COUNTIFS(Bugs!$E$2:$E$9,$A22,Bugs!$F$2:$F$9,C$21) -> 0 | D22: =COUNTIFS(Bugs!$E$2:$E$9,$A22,Bugs!$F$2:$F$9,D$21) -> 0 | E22: =SUM(B22:D22) -> 1
A23: Majeure | B23: =COUNTIFS(Bugs!$E$2:$E$9,$A23,Bugs!$F$2:$F$9,B$21) -> 3 | C23: =COUNTIFS(Bugs!$E$2:$E$9,$A23,Bugs!$F$2:$F$9,C$21) -> 4 | D23: =COUNTIFS(Bugs!$E$2:$E$9,$A23,Bugs!$F$2:$F$9,D$21) -> 0 | E23: =SUM(B23:D23) -> 7
A24: Mineure | B24: =COUNTIFS(Bugs!$E$2:$E$9,$A24,Bugs!$F$2:$F$9,B$21) -> 0 | C24: =COUNTIFS(Bugs!$E$2:$E$9,$A24,Bugs!$F$2:$F$9,C$21) -> 0 | D24: =COUNTIFS(Bugs!$E$2:$E$9,$A24,Bugs!$F$2:$F$9,D$21) -> 0 | E24: =SUM(B24:D24) -> 0
A25: Total | B25: =SUM(B22:B24) -> 4 | C25: =SUM(C22:C24) -> 4 | D25: =SUM(D22:D24) -> 0 | E25: =SUM(E22:E24) -> 8
A27: Recommandation : NO-GO (voir docs/execution-report.md)
